1733088016575,71,HTTP,200,OK,Thread Group 1-5,text,true,507,12,12,71
1733088016575,96,HTTP,200,OK,Thread Group 1-9,text,true,521,12,12,96
1733088016575,107,HTTP,200,OK,Thread Group 1-7,text,true,507,11,11,107
1733088016569,123,HTTP,200,OK,Thread Group 1-4,text,true,521,10,10,123
1733088016570,138,HTTP,200,OK,Thread Group 1-10,text,true,507,9,9,138
1733088016637,82,HTTP,200,OK,Thread Group 1-12,text,true,507,9,9,82
1733088016569,153,HTTP,200,OK,Thread Group 1-6,text,true,535,8,8,153
1733088016603,119,HTTP,200,OK,Thread Group 1-11,text,true,521,7,7,119
1733088016575,150,HTTP,200,OK,Thread Group 1-2,text,true,507,6,6,150
1733088016575,152,HTTP,200,OK,Thread Group 1-3,text,true,521,5,5,152
1733088016572,155,HTTP,200,OK,Thread Group 1-1,text,true,521,5,5,155
1733088016671,61,HTTP,200,OK,Thread Group 1-13,text,true,507,3,3,61
1733088016575,157,HTTP,200,OK,Thread Group 1-8,text,true,507,3,3,157
1733088016714,19,HTTP,200,OK,Thread Group 1-14,text,true,507,1,1,19
1733088016773,22,HTTP,200,OK,Thread Group 1-15,text,true,507,1,1,22
1733088016804,6,HTTP,200,OK,Thread Group 1-16,text,true,507,1,1,6
1733088016839,12,HTTP,200,OK,Thread Group 1-17,text,true,507,1,1,12
1733088016872,14,HTTP,200,OK,Thread Group 1-18,text,true,507,1,1,14
1733088016907,11,HTTP,200,OK,Thread Group 1-19,text,true,507,1,1,10
1733088016939,13,HTTP,200,OK,Thread Group 1-20,text,true,507,1,1,13
1733088016972,19,HTTP,200,OK,Thread Group 1-21,text,true,507,1,1,18
1733088017006,11,HTTP,200,OK,Thread Group 1-22,text,true,507,1,1,11
1733088017039,11,HTTP,200,OK,Thread Group 1-23,text,true,507,1,1,11
1733088017072,24,HTTP,200,OK,Thread Group 1-24,text,true,507,1,1,24
1733088017106,8,HTTP,200,OK,Thread Group 1-25,text,true,507,1,1,8
1733088017140,13,HTTP,200,OK,Thread Group 1-26,text,true,507,1,1,13
1733088017172,23,HTTP,200,OK,Thread Group 1-27,text,true,507,1,1,23
1733088017205,10,HTTP,200,OK,Thread Group 1-28,text,true,507,1,1,10
1733088017240,13,HTTP,200,OK,Thread Group 1-29,text,true,507,1,1,13
1733088017272,23,HTTP,200,OK,Thread Group 1-30,text,true,507,1,1,23
1733088017305,13,HTTP,200,OK,Thread Group 1-31,text,true,507,1,1,13
1733088017340,13,HTTP,200,OK,Thread Group 1-32,text,true,507,1,1,13
1733088017373,11,HTTP,200,OK,Thread Group 1-33,text,true,507,1,1,11
1733088017407,14,HTTP,200,OK,Thread Group 1-34,text,true,507,1,1,14
1733088017440,12,HTTP,200,OK,Thread Group 1-35,text,true,507,1,1,12
1733088017473,15,HTTP,200,OK,Thread Group 1-36,text,true,507,1,1,15
1733088017507,11,HTTP,200,OK,Thread Group 1-37,text,true,507,1,1,11
1733088017540,11,HTTP,200,OK,Thread Group 1-38,text,true,507,1,1,11
1733088017573,13,HTTP,200,OK,Thread Group 1-39,text,true,507,1,1,13
1733088017609,16,HTTP,200,OK,Thread Group 1-40,text,true,507,1,1,15
1733088017641,16,HTTP,200,OK,Thread Group 1-41,text,true,507,1,1,16
1733088017675,13,HTTP,200,OK,Thread Group 1-42,text,true,507,1,1,13
1733088017714,12,HTTP,200,OK,Thread Group 1-43,text,true,507,1,1,12
1733088017740,15,HTTP,200,OK,Thread Group 1-44,text,true,507,1,1,15
1733088017778,11,HTTP,200,OK,Thread Group 1-45,text,true,507,1,1,11
1733088017820,11,HTTP,200,OK,Thread Group 1-46,text,true,507,1,1,11
1733088017853,12,HTTP,200,OK,Thread Group 1-47,text,true,507,1,1,12
1733088017894,13,HTTP,200,OK,Thread Group 1-48,text,true,507,1,1,13
1733088017933,25,HTTP,200,OK,Thread Group 1-49,text,true,507,1,1,25
1733088017967,7,HTTP,200,OK,Thread Group 1-50,text,true,507,1,1,7
1733088018000,11,HTTP,200,OK,Thread Group 1-51,text,true,507,1,1,11
1733088018034,14,HTTP,200,OK,Thread Group 1-52,text,true,507,1,1,14
1733088018068,17,HTTP,200,OK,Thread Group 1-53,text,true,507,1,1,17
1733088018102,16,HTTP,200,OK,Thread Group 1-54,text,true,507,1,1,16
1733088018135,12,HTTP,200,OK,Thread Group 1-55,text,true,507,1,1,12
1733088018169,17,HTTP,200,OK,Thread Group 1-56,text,true,507,1,1,17
1733088018203,16,HTTP,200,OK,Thread Group 1-57,text,true,507,1,1,16
1733088018236,13,HTTP,200,OK,Thread Group 1-58,text,true,507,1,1,13
1733088018270,15,HTTP,200,OK,Thread Group 1-59,text,true,507,1,1,15
1733088018316,15,HTTP,200,OK,Thread Group 1-60,text,true,507,1,1,15
